first_Name,last_Name,Email_Address,HomePhone,Street,City,State,Zipcode
colin,harmston,02703,attleboro,ma,qkristie.lencsak@jumpstartlab.com,000-000-0000,34 blue heron drive
peter,hunt,02553,monument beach,ma,fegitraore@jumpstartlab.com,(774) 313 - 0000,PO Box 683
nolan,withers,02139,cambridge,ma,ot@jumpstartlab.com,(617) 225 - 7000,476 Memorial Dr.
tatiana,ptak,02459,newton,ma,jfexandria8908@jumpstartlab.com,(857) 231 - 1000,16 Knowles St.
sarah,geretz,01002,amherst,ma,ovdawaaa@jumpstartlab.com,(857) 231 - 1000,72 Triangle St. appt. 2
rhona,caputo,02140,cambridge,ma,qmlsh_c@jumpstartlab.com,(508) 713 - 2000,4 Theriault Court
edward,fahay,02738,marion,ma,qaogowski@jumpstartlab.com,000-000-0000,66 Spring St.
jennifer,dordt,02738,marion,ma,boili.Lambe@jumpstartlab.com,000-000-0000,66 Spring St.
jess,frongillo,02738,marion,ma,rermant@jumpstartlab.com,000-000-0000,66 Spring Street
rhys,brotherton,01845,north andover,ma,tdukas@jumpstartlab.com,(978) 686 - 4000,70 Court St
julia,carnegie,01720,acton,ma,bis12@jumpstartlab.com,(310) 902 - 4000,16 Half Moon Hill&#8232;
rachel,namnoum,01354,gill,ma,fdsmith07@jumpstartlab.com,(310) 902 - 4000,73 River Rd
rachel,bollig,01002,amherst,ma,wiaverna@jumpstartlab.com,(310) 902 - 4000,51 Justice Dr
karina,lynchburg,01469,townsend,ma,yqlson@jumpstartlab.com,(978) 460 - 1000,52 Ash street
katherine,berg,02130,boston,ma,nuover@jumpstartlab.com,(617) 470 - 4000,40 Louders Lane
amanda,glustrom,02453,waltham,ma,weywell@jumpstartlab.com,(201) 956 - 3000,44A Charlesbank Way
keith,harding,02453,waltham,ma,pbeath@jumpstartlab.com,(617) 538 - 7000,2A Charlesbank Way
mary,campbell,02454,waltham,ma,lcanhook@jumpstartlab.com,(646) 924 - 6000,MB 1616 Brandeis University
ali,blumberg,02453,waltham,ma,kknna.hertz06@jumpstartlab.com,(516) 633 - 5000,44A Charlesbank Way
kristen,packet,02061,norwell,ma,vochranc@jumpstartlab.com,(781) 424 - 8000,140 River Street
erin,solan,01921,boxford,ma,min_p@jumpstartlab.com,(978) 430 - 9000,15 Great Pond Dr.
caitlin,chung,01760,natick,ma,ggmbam_jellyphish@jumpstartlab.com,(508) 308 - 5000,15 Beacon Street
x,snider,02176,melrose,ma,cjizner@jumpstartlab.com,(339) 927 - 0000,199 Laurel St
nicole,fogarty,02481,wellesley,ma,hiuxtm@jumpstartlab.com,(514) 812 - 0000,759 Worcester St.
caitlin,fobi,02472,watertown,ma,bwe6@jumpstartlab.com,(617) 966 - 7000,58 Spruce St.
jessica,schmidt,02478,belmont,ma,ocobarnac@jumpstartlab.com,(617) 413 - 3000,653 Concord Ave
gianna,thurman,02043,hingham,ma,lgchettinocpa@jumpstartlab.com,(339) 236 - 0000,15 Blaisdell Road
hannah,holahan,01451,harvard,ma,jknight@jumpstartlab.com,(978) 855 - 3000,36 S. Shaker Road
james,rogine,02116,coventry,ma,slusby@jumpstartlab.com,000-000-0000,"87 De Montfort Way, Cannon Park"
bryson,magruder,02130,jamaica plain,ma,rhvinbradshaw@jumpstartlab.com,(617) 767 - 6000,25 Forest Hills St. Atp. 3
zamara,uwaibi,02482,wellesley,ma,coizabeth.donahue@jumpstartlab.com,(301) 248 - 2000,
michael,krizel,02134,allston,ma,guhoffmann@jumpstartlab.com,(978) 257 - 1000,
dee,curtis,01002,amherst,ma,iodoherty@jumpstartlab.com,(508) 414 - 6000,
ava,scheibel,01007,belchertown,ma,hihulman09@jumpstartlab.com,(413) 213 - 0000,135 Federal St. Apt 2
natalie,erlich,02454,waltham,ma,jxodlawmorrisj@jumpstartlab.com,(315) 447 - 5000,415 South Street MB 0567
josh,frenkel,01720,acton,ma,llingl2@jumpstartlab.com,(978) 760 - 0000,80 Wood Ln
steve,delphia,01341,conway,ma,tfke.kokuba@jumpstartlab.com,(413) 695 - 2000,95 S. Part Rd.
ian,koehler,01075,south hadley,ma,mjane_easter@jumpstartlab.com,(802) 299 - 6000,2730 blanchard 50 college st
alex,combs,01075,south hadley,ma,lwylor.mollye@jumpstartlab.com,(802) 299 - 6000,50 college st
anthony,edwards,01075,south hadley,ma,rblisonstew@jumpstartlab.com,(802) 299 - 6000,50 College St
lee,difranco,01075,south hadley,ma,ifam.goodman@jumpstartlab.com,(802) 299 - 6000,50 College St
david,kroonick,01075,south hadley,ma,atorda24@jumpstartlab.com,(802) 299 - 6000,50 Colllege st
lisa,balducci,01075,south hadley,ma,hgaronlee87@jumpstartlab.com,(802) 299 - 6000,50 College St
katie,czech,01075,south hadley,ma,jlaker@jumpstartlab.com,(802) 299 - 6000,50 college st
katie,murphy,01075,south hadley,ma,vlrl@jumpstartlab.com,000-000-0000,50 college st
theresa,johnson,01075,south hadley,ma,ipnglan3@jumpstartlab.com,000-000-0000,50 college st
patrick,poole,01075,south hadley,ma,fsh896r@jumpstartlab.com,(802) 299 - 6000,50 College st
kimia,wool,01610,worcester,ma,pjevell83@jumpstartlab.com,(617) 335 - 1000,950 Main St.
joanna,d,01610,worcester,ma,eway1208@jumpstartlab.com,(413) 588 - 8000,950 Main Street Box 2038
cam,dawson,01610,worcester,ma,vwoolwor@jumpstartlab.com,(305) 632 - 3000,950 Main St
robert,fine,01610,worcester,ma,bdeRmonkey@jumpstartlab.com,(508) 451 - 4000,950 Main Street Box 1926
elisabeth,wool,01610,worcester,ma,qqirsch@jumpstartlab.com,(412) 657 - 7000,950 Main St
courtney,reid,01610,worcester,ma,cohannels@jumpstartlab.com,(860) 326 - 6000,950 Main St. Box 588
derron,kopec,02135,brighton,ma,aunghama@jumpstartlab.com,(412) 607 - 1000,290 Corey Road Apt 12A
julianne,munn,01610,worcester,ma,iix@jumpstartlab.com,(603) 562 - 5000,Box 2232  950 Main St.
jane,skeels,01610,worcester,ma,ipoe5@jumpstartlab.com,(508) 265 - 0000,950 Main Street
shannon,zaragoza-ballesteros,01610,worcester,ma,jdmbrown@jumpstartlab.com,(978) 821 - 5000,950 Main St.
brandon,smedsrud,02134,allston,ma,aautch@jumpstartlab.com,(862) 354 - 4000,"45 Ashford Street, APT 3"
christopher,chee,01610,worcester,ma,noguer07@jumpstartlab.com,(617) 935 - 5000,950 Main Street
caitlyn,hamilton,01610,worcester,ma,hdkohn07@jumpstartlab.com,(603) 557 - 1000,950 Main St.
john,hall,01602,worcester,ma,rmates6601@jumpstartlab.com,(508) 752 - 1000,266 Olean St.
null,null,01610,worcester,ma,snhepherd@jumpstartlab.com,(908) 892 - 6000,950 Main St. Box 2143
liana,trombley,01730,bedford,ma,jcreeck@jumpstartlab.com,(781) 863 - 1000,32 Page Road
ty,thomas,01730,bedford,ma,frrry.giordano@jumpstartlab.com,(781) 275 - 2000,32 Page Road
gabriel,gerhke,02117,boston,ma,qcarlotte.m.downs-1@jumpstartlab.com,(914) 426 - 6000,80 Boylston St.
kristen,banks-williams,02143,somerville,ma,twulysn@jumpstartlab.com,(617) 999 - 7000,42 Lincoln Pkwy #3
amy,dison,02134,allston,ma,jwrune@jumpstartlab.com,(862) 266 - 0000,32 Mansfield St
grant,henicle,02134,allston,ma,aqb@jumpstartlab.com,(603) 475 - 9000,32 Mansfield St
tess,friedlander,01464,shirley,ma,ckhnDoe1@jumpstartlab.com,(860) 402 - 8000,41 Holden Road
marissa,gasner,01027,westhampton,ma,dxentico@jumpstartlab.com,(860) 402 - 8000,188 Kings Highway
joshua,horan,02134,allston,ma,ics39@jumpstartlab.com,(570) 854 - 2000,32 Mansfield St.
nicholas,bochner,02215,boston,ma,whria.king@jumpstartlab.com,(610) 213 - 9000,"518 Park Drive, Box 6230"
shannon,kowsz,02134,allston,ma,nbyna.oliker@jumpstartlab.com,(425) 681 - 2000,2 President Terrace Apt. B
samantha,9,02138,cambridge,ma,clndesm@jumpstartlab.com,(646) 283 - 9000,3 Linnaean St #2
juliana,murrey,02048,mansfield,ma,jpiscegl@jumpstartlab.com,(508) 942 - 6000,153 balcom st
null,rossmeissl,01086,westfield,ma,wnmith@jumpstartlab.com,(508) 942 - 6000,577 western ave
null,manley,01086,westfield,ma,edyleyzachary@jumpstartlab.com,(508) 942 - 6000,577 western ave
lauren,jones,01086,westfield,ma,nylquit2@jumpstartlab.com,(508) 942 - 6000,577 western ave
matthew,brown,01086,westfield,ma,dkndsay.randall@jumpstartlab.com,(508) 942 - 6000,577 western ave
jack,richards,01086,westfield,ma,lfgmaegar@jumpstartlab.com,(508) 942 - 6000,577 western ave
rachel,annex,01086,westfield,ma,orothset@jumpstartlab.com,(508) 942 - 6000,577 western ave
ashley,abrams,01086,westfield,ma,dbnsch.todd@jumpstartlab.com,(508) 942 - 6000,577 western ave
null,xx,02048,mansfield,ma,jucooper@jumpstartlab.com,(508) 942 - 6000,153 balcom st
ryan,white,02048,mansfield,ma,kgrcourtc@jumpstartlab.com,(508) 942 - 6000,153 balcom st
taylor,bauer,01907,swampscott,ma,rnannamatthews@jumpstartlab.com,(781) 910 - 3000,60 Lincoln Circle
nina,storch,01238,cambridge,ma,bdnya_chudacoff@jumpstartlab.com,(201) 841 - 7000,25 Trowbridge Street
claire,dahl,02138,cambridge,ma,brharmston@jumpstartlab.com,(303) 808 - 0000,538 Mather Mail Center
jamie,connor,02138,cambridge,ma,vlye@jumpstartlab.com,(248) 535 - 4000,538 Mather Mail Center
sunny,alex,02139,cambridge,ma,grbynb@jumpstartlab.com,(203) 273 - 6000,241 River St. Apt. 7
jessica,horton,02138,cambridge,ma,mxeligs@jumpstartlab.com,(914) 329 - 0000,13 Adams House Mail Center
june,donovan,02138,cambridge,ma,pqnstraussman@jumpstartlab.com,(734) 945 - 0000,2741 Harvard Yard Mail Center
brooks,diorio,02138,cambridge,ma,pjll@jumpstartlab.com,(203) 536 - 5000,538 Mather Mail Center
kathryn,peoples,02138,cambridge,ma,hu75@jumpstartlab.com,(203) 984 - 8000,538 Mather Mail Center
sophia,williams,02138,cambridge,ma,tclieme@jumpstartlab.com,(925) 209 - 5000,122 Leverett Mail Center
benjamin,bintliff,02138,cambridge,ma,xreyl@jumpstartlab.com,(617) 686 - 1000,381 Adams Mail Center
john,regan,02138,cambridge,ma,sfnghandong@jumpstartlab.com,(248) 535 - 4000,1815 Harvard Yard Mail Ctr
madeline,falcaro,02138,cambridge,ma,pcshaun.everett@jumpstartlab.com,(617) 320 - 4000,292 Winthrop Mail Center
alma,joffe,02138,cambridge,ma,gjennquagmire@jumpstartlab.com,(248) 535 - 4000,538 Mather Mail Center
tommasina,harty,01550,amhest,ma,abeile74@jumpstartlab.com,(413) 559 - 5000,893 west st GE house
willa,zichlin,02138,cambridge,ma,blatalano@jumpstartlab.com,(607) 345 - 0000,2391 Harvard Yard Mail Center
maureen,smith,02138,cambridge,ma,uxutterupham@jumpstartlab.com,(310) 346 - 1000,2512 Hrvard Yard Mail Center
matthew,clabby,02451,waltham,ma,xhrov@jumpstartlab.com,(617) 290 - 8000,83 Dale St
jen,zilberstein,02144,somerville,ma,tiasati@jumpstartlab.com,(617) 290 - 8000,10 Moore St. #1
katie,boone,01063,northampton,ma,ayargate7@jumpstartlab.com,(318) 780 - 1000,1 Chapin Way
eleni,arana,02136,hyde park,ma,ptacobson@jumpstartlab.com,(617) 290 - 8000,108 Readville St.
geoff,miller,02215,boston,ma,uwarpenter-israel09@jumpstartlab.com,(617) 290 - 8000,15 Park Drive Apt. 4
zach,dihn,02339,hanover,ma,opialkow@jumpstartlab.com,(617) 290 - 8000,PO BOX 484
john,judkins,01824,chelmsford,ma,mjjones7@jumpstartlab.com,(617) 290 - 8000,25 Cathy Road
aliza,mabe,02474,arlington,ma,mmentwo@jumpstartlab.com,(617) 290 - 8000,127 Brattle Street
casey,miller,02748,dartmouth,ma,lmoe11@jumpstartlab.com,(617) 290 - 8000,115 Rockland St
lance,engle,02451,waltham,ma,xbousa@jumpstartlab.com,(617) 290 - 8000,83 Dale St #2
enrico,pickford,01267,williamstown,ma,oearra23@jumpstartlab.com,(828) 380 - 0000,1804 Paresky
trisha,hoffner,01267,williamstown,ma,ppidburn_42@jumpstartlab.com,(919) 599 - 6000,1215 Paresky
chelsea,elder,01267,williamstown,ma,ufwillia@jumpstartlab.com,(301) 922 - 4000,2358 Paresky
ian,bursch,01267,williamstown,ma,uoalda@jumpstartlab.com,(828) 380 - 0000,1731 Paresky
john,wasserman,01267,williamstown,ma,flintessential_reflection@jumpstartlab.com,(828) 380 - 0000,2437 Paresky
emily,axt,01267,williamstown,ma,kpnewco@jumpstartlab.com,(828) 380 - 0000,1936 Paresky
ashim,weisfeld,01267,williamstown,ma,ikhu@jumpstartlab.com,(828) 380 - 0000,1761 Paresky
morgan,clark,01267,williamstown,ma,wfsusec@jumpstartlab.com,(828) 380 - 0000,1582 Paresky
x,seeley,01267,williamstown,ma,yfl7871@jumpstartlab.com,(828) 380 - 0000,2206 Paresky
becca,schwartz,01267,williamstown,ma,vdndyt@jumpstartlab.com,(828) 380 - 0000,2029 Paresky
yo,hingle,01331,athol,ma,mqr5@jumpstartlab.com,(413) 768 - 8000,1414 Bearsden Rd.
heather,hassel,01062,florence,ma,qnsmit28@jumpstartlab.com,(413) 320 - 1000,103 Oak St.
kristen,musten,01003,amherst,ma,gqhndoe11@jumpstartlab.com,000-000-0000,43 Eastman Lane
kaitlyn,guerra,02445,brookline,ma,skokatmissohio@jumpstartlab.com,(240) 393 - 7000,35 fisher ave
juan,scarano,01773,lincoln,ma,pxorga05@jumpstartlab.com,(339) 222 - 0000,26 Baker Bridge Rd
adam,aitken,94501,wellesley,ma,chybigalke@jumpstartlab.com,(510) 846 - 3000,21 Wellesley College Rd
sabrina,almeida,02143,somerville,ma,dtphiacarodenuto@jumpstartlab.com,(847) 507 - 0000,110 Line St. Apt. 1
chris,cover,02481,wellesley,ma,xievedahl@jumpstartlab.com,(781) 413 - 4000,Unit 1710 21 Wellesley College Rd
jane,turk,01267,williamstown,ma,pfrant2@jumpstartlab.com,(828) 380 - 0000,1927 Paresky
paige,hickman,01267,williamstown,ma,tqs28@jumpstartlab.com,(828) 380 - 0000,1638 Paresky
shane,fog,02215,boston,ma,gxppppppppppp@jumpstartlab.com,(847) 714 - 5000,"Box 1460, 277 Babcock St"
mark,fantasia,02215,boston,ma,cusirealisa@jumpstartlab.com,(857) 445 - 8000,191 Bay State Road
kee,doe,02215,boston,ma,xduccio@jumpstartlab.com,(516) 660 - 6000,5 Buswell st. Apt. 6
jolea,brandvain,01719,boxborough,ma,uc9774@jumpstartlab.com,(845) 988 - 7000,377 Hill Road
thomas,otter,02155,"medford, ma",ma,ie105306@jumpstartlab.com,(914) 610 - 0000,"025 Wren Hall, Tufts University"
andrew,stedman,02155,medford,ma,ferkp1si@jumpstartlab.com,(860) 716 - 9000,"19 Fairmount st, apt 2"
john,asher,02155,medford,ma,xlm2@jumpstartlab.com,(216) 402 - 0000,"328 Houston Hall, Tufts University"
catherine,lugo,02155,medford,ma,whelsea.rc@jumpstartlab.com,(513) 652 - 2000,"442 Wren Hall, Tufts University"
erin,malanowicz,02155,medford,ma,byunderl@jumpstartlab.com,(301) 325 - 8000,"026 Wren Hall, Tufts University"
danielle,sherpa,02155,medford,ma,pmigeheron@jumpstartlab.com,(617) 480 - 5000,92 Professors Row
laurel,zerhouni,02155,medford,ma,irychologist@jumpstartlab.com,(973) 818 - 3000,512 Wren Hall
jennifer,hardekar,02155,medford,ma,hibert_ford12@jumpstartlab.com,(516) 395 - 9000,"211 Miller Hall, Tufts University"
adaline,kellas,02144,somerville,ma,uwlawrence@jumpstartlab.com,(508) 259 - 8000,151 College Ave Apt. 2
aubrey,bean,02155,medford,ma,jnb52551@jumpstartlab.com,(206) 412 - 6000,"330 Miller Hall, Tufts University"
molly,michael,02155,meford,ma,lwyrotter@jumpstartlab.com,(508) 566 - 4000,"412 Miller Hall, Tufts University"
hector,labove,02155,medford,ma,vgtrobl@jumpstartlab.com,(860) 716 - 9000,210 Packard Ave
robert,cisneros,02155,medford,ma,ieto.a@jumpstartlab.com,(401) 787 - 6000,"19 Fairmount st, apt 2"
zachary,hunt,02155,medford,ma,sxorell1@jumpstartlab.com,(978) 505 - 8000,"109 Bush Hall, Tufts University"
kyle,howes,02144,somerville,ma,xuausl0@jumpstartlab.com,(610) 283 - 5000,10 Dearborn Road Apt. 2
x,mccleery,02155,medford,ma,gxbenjam@jumpstartlab.com,(240) 393 - 0000,"445 Haskell Hall, Tufts University"
jheny,hassan,02144,somerville,ma,hhchinivu@jumpstartlab.com,(412) 478 - 3000,41 Ossipee Rd.
laura,goldberg,02454,waltham,ma,vawwwwwwwwwwwwwwwwwwwwwwwddd@jumpstartlab.com,(610) 462 - 9000,415 South st
sarah,liebst,02454,waltham,ma,ebtiburcio@jumpstartlab.com,(610) 462 - 9000,415 South st
isabelle,hamm,02454,waltham,ma,jiemansk@jumpstartlab.com,(610) 462 - 9000,415 South st
sawyer,calabrese,02454,waltham,ma,wwycebayer@jumpstartlab.com,(610) 462 - 9000,415 south st
camilla,doe,02454,waltham,ma,hqrc@jumpstartlab.com,(610) 462 - 9000,415 South st
cassie,ives,02454,waltham,ma,wns2180@jumpstartlab.com,(610) 462 - 9000,415 south st
ally,mcginnis,02454,waltham,ma,jfbroadbent@jumpstartlab.com,(610) 462 - 9000,415 south st
michael,null,02454,waltham,ma,erock@jumpstartlab.com,(610) 462 - 9000,415 south st
taylor,two,02108,boston,ma,fttteson@jumpstartlab.com,(617) 695 - 2000,10 Milk St Suite 610
denis,lyons,02478,belmont,ma,bfbooth@jumpstartlab.com,(617) 777 - 5000,3 Anis Road
john,popovitch,02138,cambridge,ma,clorzana@jumpstartlab.com,(716) 392 - 7000,1112 Harvard Yard Mail Center
jeannette,king,02138,cambridge,ma,henn_c@jumpstartlab.com,(310) 351 - 4000,422 Winthrop Mail Center
lauren,igeh,02138,cambridge,ma,vicopeland@jumpstartlab.com,(907) 444 - 7000,6 Currier Mail Center
eli,koplin,02138,cambridge,ma,eneetvoiceofharmony@jumpstartlab.com,(509) 630 - 2000,387 Mather Mail Center
leslie,hartle,02138,cambridge,ma,giandrag@jumpstartlab.com,(248) 535 - 4000,538 Mather Mail Center
shannon,laforce,02186,milton,ma,qxhweiger@jumpstartlab.com,(718) 305 - 4000,224 Adams St
jessica,kleintop,01610,worcester,ma,oxwmanmr@jumpstartlab.com,(847) 804 - 4000,Holy Cross College 1 College Street
dexter,box,01062,florence,ma,gqenster@jumpstartlab.com,(413) 548 - 0000,9 West Center St.
chuck,karra,01610,worcester,ma,aomatine@jumpstartlab.com,(847) 804 - 4000,Holy Cross College 1 College Street
samantha,butler,01610,worcester,ma,iyoanjd@jumpstartlab.com,(847) 804 - 4000,Holy Cross College 1 College Street
alexander,margovsky,01610,worcester,ma,fvn@jumpstartlab.com,(847) 804 - 4000,Holy Cross College 1 College Street
sarah,renner-yeomans,01610,worcester,ma,sseldcf@jumpstartlab.com,(847) 804 - 4000,Holy Cross College 1 College Street
fern,saleh,01610,worcester,ma,rqodgetts@jumpstartlab.com,(847) 804 - 4000,Holy Cross College 1 College Street
katherine,pappas,01610,worcester,ma,xqahab@jumpstartlab.com,(847) 804 - 4000,Holy Cross College 1 College Street
jessica,jeong,01610,worcester,ma,iuldbedl@jumpstartlab.com,(847) 804 - 4000,Holy Cross College 1 College Street
matthew,dixon,01610,worcester,ma,cgvbrumfield@jumpstartlab.com,(847) 804 - 4000,Holy Cross College 1 College Street
anya,brumfield,01610,worcester,ma,rpough1@jumpstartlab.com,(847) 804 - 4000,Holy Cross College 1 College Street
hilary,gerzevske,02445,brookline,ma,psddlebrook_l@jumpstartlab.com,000-000-0000,Beacon
reuben,two,02138,cambridge,ma,bxbernar@jumpstartlab.com,(440) 832 - 1000,399 Adams Mail Center
jennifer,sperrazza,02140,cambridge,ma,py@jumpstartlab.com,(617) 913 - 0000,71 walden street
shaun,doe,02138,cambridge,ma,itdodd@jumpstartlab.com,(617) 202 - 3000,45 Mt. Auburn Street
everett,cyr,02138,cambridge,ma,bqeager@jumpstartlab.com,(617) 202 - 3000,45 Mt. Auburn Street
roger,richards,02135,brighton,ma,gs.GHarding@jumpstartlab.com,(630) 926 - 3000,162 Lake Shore Rd
benjamin,deeley,02135,brighton,ma,vtchael_b_mcgee@jumpstartlab.com,(954) 298 - 2000,162 Lake Shore Rd
damir,fernandez,02135,brighton,ma,scalhoun@jumpstartlab.com,(732) 740 - 8000,"11 Embassy Rd, Apt 36"
christine,geary,02169,quincy,ma,jcll22@jumpstartlab.com,(562) 810 - 1000,137 Presidents Lane
daniel,coburn,02454,waltham,ma,ppaccabe@jumpstartlab.com,(610) 462 - 9000,415 south st
lewis,ochal,02454,waltham,ma,pmngregory11@jumpstartlab.com,(610) 462 - 9000,415 south st
leah,longberry,02454,waltham,ma,luolqui@jumpstartlab.com,(610) 462 - 9000,415 south st
imran,wasterm,02454,waltham,ma,rvq8@jumpstartlab.com,(610) 462 - 9000,415 south st
cody,kleeman,02454,waltham,ma,hjke9@jumpstartlab.com,(610) 462 - 9000,415 south st
nelson,raycraft,01810,andover,ma,tpm22@jumpstartlab.com,(978) 302 - 5000,114 Lowell Street
paul,oldfield,01040,holyoke,ma,eburtnee@jumpstartlab.com,(330) 546 - 6000,259 Maple St Apt 508
jessica,hovey,01040,holyoke,ma,wlpschutz@jumpstartlab.com,(330) 546 - 6000,259 maple st
ben,doe,01086,westfield,ma,syrose@jumpstartlab.com,(508) 942 - 6000,577 western ave
adam,robbins,01063,northampton,ma,fhengel@jumpstartlab.com,(413) 585 - 5000,1 Chapin Way
alessandra,surprenant,01063,northampton,ma,kiu@jumpstartlab.com,(555) 555 - 1000,1 Chapin Way
nicole,taylor,01610,worcester,ma,lbchnerl@jumpstartlab.com,(508) 471 - 0000,950 Main St
chad,shea,01063,northampton,ma,rhthomse@jumpstartlab.com,(555) 555 - 1000,1 Chapin Way
andrea,montgomery-baker,01002,amherst,ma,xueade@jumpstartlab.com,(201) 602 - 0000,893 West Street
minh,phadke,01063,northampton,ma,uhswanso@jumpstartlab.com,(518) 929 - 0000,1 Chapin Way
gabe,friedmann,01610,worcester,ma,ygerrara@jumpstartlab.com,(401) 474 - 9000,950 Main St. Box 0526
geron,josa,01749,hudson,ma,phtrick.cleeves@jumpstartlab.com,(978) 562 - 6000,276 River Road
sarah,guethle,01610,worcester,ma,sdtie.knee@jumpstartlab.com,(518) 697 - 9000,950 Main ST. Box 1635
nikki,murnen,01063,northampton,ma,wauccill@jumpstartlab.com,(555) 555 - 1000,1 Chapin Way
frances,hill,01063,northampton,ma,xue.chadcarson+9@jumpstartlab.com,(555) 555 - 1000,1 Champin Way
justin,grochmal,01610,worcester,ma,hibika_roos@jumpstartlab.com,(207) 653 - 7000,950 Main St. box 2306
kelsey,davis,01063,northampton,ma,qsnjaman.wasserman@jumpstartlab.com,(555) 555 - 1000,1 Chapin Way
alexandra,oliker,01069,palmer,ma,af404040404dddd@jumpstartlab.com,(413) 283 - 3000,9 Peterson Road
anna,semensi,01610,worcester,ma,qfubenstein@jumpstartlab.com,(505) 570 - 9000,950 Main ST. box 978
chris,goodman,01063,northampton,ma,fktzgeraldp@jumpstartlab.com,(555) 555 - 1000,1 Chapin Way
ian,callier,01610,worcester,ma,qythleenjgodfrey@jumpstartlab.com,(860) 214 - 8000,950 Main St. Box 0357
christine,horak,01610,worcester,ma,xgsprin05@jumpstartlab.com,(207) 838 - 7000,950 Main ST. Box 24
matt,m,01063,northampton,ma,nyrgaret.leigh.perry@jumpstartlab.com,(413) 230 - 6000,1 Chapin Way
sean,alderman,01610,worcester,ma,swammoskowitz@jumpstartlab.com,(207) 632 - 9000,950 Main St. Box 249
ciaran,szym,01063,shreveport,ma,ynields@jumpstartlab.com,(555) 555 - 1000,1 Chapin Way
zoe,cline,01610,worcester,ma,tiwaddle08@jumpstartlab.com,(617) 840 - 5000,950 Main ST. box 2160
tarik,ballard,01610,worcester,ma,mpowles2006@jumpstartlab.com,(860) 944 - 3000,28 Downing St.
lisa,jafri,01610,worcester,ma,ivckson.celia@jumpstartlab.com,(301) 785 - 4000,950 Main ST. Box 2313
sydney,stewart,02481,wellesley,ma,esaisydazy@jumpstartlab.com,(413) 768 - 9000,21 Wellesley College Rd Unit 1410
anne,null,01610,worcester,ma,xxontp@jumpstartlab.com,(510) 701 - 1000,950 Main St. Box 284
denise,rivas,01610,worcester,ma,fha5@jumpstartlab.com,(802) 579 - 2000,950 Main ST
julia,mead,01003,amherst,ma,jdarland11@jumpstartlab.com,(508) 380 - 1000,200 Field- UMass 171 Orchard Hill Dr.
alex,den herder-thomas,02481,wellesley,ma,ooivkovi@jumpstartlab.com,(208) 874 - 2000,"21 Wellesley College Rd., Unit 3820"
alexandra,mahdi,01610,worcester,ma,fmernand@jumpstartlab.com,(914) 774 - 6000,950 Main St. box 2177
caitlin,porter,01610,worcester,ma,einny@jumpstartlab.com,(206) 850 - 7000,950 Main St Box 2140
x,zampardo,01610,worcester,ma,llolleng@jumpstartlab.com,(360) 510 - 9000,950 Main St. Box 1536
kela,null,01610,worcester,ma,gdd08@jumpstartlab.com,(585) 309 - 9000,950 Main ST. Box 537
jenna,allan,02481,wellesley,ma,cvaig.mckeon@jumpstartlab.com,(207) 485 - 4000,21 Wellesley College Road unit 7030
johanna,england,01610,worcester,ma,kdvarga@jumpstartlab.com,(207) 319 - 8000,950 Main ST. Box 2243
katie,connell,02481,wellesley,ma,aoreardo@jumpstartlab.com,(508) 245 - 8000,21 Wellesley College Road
kevin,franko,01610,worcester,ma,fcin1@jumpstartlab.com,(315) 283 - 3000,62 Charlotte St. Apt # 1
dave,larussa,01086,westfield,ma,astoinetteAC@jumpstartlab.com,(508) 942 - 6000,577 western ave
katie,luckey,01603,worcester,ma,bhth.hupart@jumpstartlab.com,(781) 710 - 7000,27 Clement St.
dan,crugnale,02481,wellesley,ma,hobin1za@jumpstartlab.com,(615) 554 - 8000,"21 Wellesley College Rd, Unit 3039"
jason,burton,01610,worcester,ma,iwowland89@jumpstartlab.com,(603) 520 - 6000,950 Main St.
michael,judkins,01053,leeds,ma,iylexander@jumpstartlab.com,(413) 455 - 8000,124 chesterfield rd
heidi,cummings,01610,worcester,ma,ahcrunki@jumpstartlab.com,(631) 413 - 2000,950 Main St. Box 2015
emily,reyes,02481,wellesley,ma,aeairabe@jumpstartlab.com,(631) 664 - 2000,21 Wellesley College Road Unit 3334
victoria,davison,02481,wellesley,ma,gfnnifereeves@jumpstartlab.com,(510) 703 - 6000,21 Wellesley College Rd Unit 3726
desmian,kovnat,02481,wellesley,ma,loanb3rrypixie@jumpstartlab.com,(617) 584 - 6000,21 Wellesley College Rd Unit 2026
tiffany,bargebuhr,02481,wellesley,ma,emalp1al@jumpstartlab.com,(703) 868 - 6000,21 Wellesley college road
sally,pegado,02481,wellesley,ma,quksha2@jumpstartlab.com,(248) 877 - 1000,"Unit 3332, 21 Wellesley College Rd"
anne,byrd,02115,boston,ma,eqpppppppppppp@jumpstartlab.com,(516) 302 - 7000,500 Parker St
melina,tracey,02481,wellesley,ma,eisonm@jumpstartlab.com,(888) 888 - 8000,21 Wellesley College Rd Unit 6716
drew,kazyak,02115,boston,ma,eihan@jumpstartlab.com,(516) 302 - 7000,93 Calumet St
clay,spivey,01721,ashland,ma,ruck.porter@jumpstartlab.com,(802) 287 - 4000,56 East Bluff Road
michelle,name,02115,boston,ma,ajndalynda@jumpstartlab.com,(717) 943 - 6000,81-83 St. Stephen Street
collin,chumbley,02481,wellesley,ma,adeek@jumpstartlab.com,(888) 888 - 8000,21 Wellesley College Rd Unit 6339
bill,jannetti,02115,boston,ma,ajingalad@jumpstartlab.com,(707) 695 - 4000,50 Leon St #2870
zoe,connolly,02115,boston,ma,fhevri1@jumpstartlab.com,(908) 672 - 8000,731 Parker St
katharine,lewis,02481,wellesley,ma,dbfren_r@jumpstartlab.com,(888) 888 - 8000,21 Wellesley College Road Unit 6839
andrew,barron,01002,amherst,ma,gredoe4@jumpstartlab.com,(808) 217 - 5000,893 West St.
julia,wittig,02115,boston,ma,fquerkm@jumpstartlab.com,(518) 527 - 9000,500 Parker St
danya,hagger,02481,wellesley,ma,vwwearscutoffjeans@jumpstartlab.com,(888) 888 - 8000,21 Wellesley College Rd Unit 6732
guy,clenergy,01518,fiskdale,ma,nmckglenn1@jumpstartlab.com,(484) 832 - 6000,11 Summit Ave
miquette,lohr,01002,amherst,ma,rtma.Schneiderman@jumpstartlab.com,(717) 576 - 1000,"Box 1151, 893 West St."
theodore,tam-claiborne,01238,cambridge,ma,aefrench@jumpstartlab.com,(248) 535 - 4000,538 Mather Mail Center
spencer,kaiser,01039,haydenville,ma,dhsil.mailbox@jumpstartlab.com,(413) 320 - 3000,8 South Main St
vincent,foster,02481,wellesley,ma,uuithi@jumpstartlab.com,(214) 684 - 6000,106 Central Street
